[
    {
        "name": "Capulus Bagels & Coffee Shop",
        "openHours": "Monday - Saturday, 10h00 - 19h00",
        "lat": 43.926348,
        "lon": 2.1444273,
        "address":  "18 rue de Verdusse",
        "type" : "Bagels & Coffee Shop",
        "wifi": {"available": true},
        "power": {"available": true},
        "url": "http://fr-fr.facebook.com/pages/Capulus-Bagels-Coffee-Shop/1497991170420468"
    },
    {
        "name": "Le Pontié",
        "openHours": "Monday - Sunday, 8h00 - 2h00",
        "lat": 43.9273729,
        "lon": 2.1478137,
        "address":  "Place du Vigan",
        "type" : "Restaurant & Coffee Shop",
        "wifi": {"available": true},
        "power": {"available": true},
        "url": "https://www.facebook.com/LePontie/"
    },
    {
        "name": "Canvas op de 7de",
        "lat": 52.35335,
        "lon": 4.91296,
        "openHours": "12h00 - 18h00",
        "address": "Wibautstraat 150",
        "type" : "Coffee",
        "power": {"available": true},
        "wifi": {"available": true},
        "url":  "http://www.canvas7.nl/‎"
    },
    {
        "name": "Mr Bean",
        "lat": 52.353115,
        "lon": 4.893303,
        "openHours": "Mon / Fri: 07h00 - 19h00, Sat / Sun: 09h00 - 19h00",
        "address": "Ceintuurbaan 326",
        "type" : "Coffee",
        "power": {"available": true},
        "wifi": {"available": true},
        "url":  "http://mister-bean.nl‎‎"
    },
    {
        "name": "Multiplexe Angers",
        "lat": 47.478928,
        "lon": -0.549898,
        "openHours": "From Monday to Sunday - 10:00am to 1:00am",
        "address": "Avenue des Droits de l'Homme - Quartier St. Serge - 49000 Angers",
        "type": "Cinema",
        "url": "http://www.cinemasgaumontpathe.com/cinemas/cinema-gaumont-angers-multiplexe/informations-pratiques.html",
        "power": {"available": true },
        "wifi": {"available": true }
    },
    {
        "name": "Médiathèque Albert Camus",
        "lat": 43.5785437,
        "lon": 7.1251804,
        "openHours": "Tuesday and Thursday 1PM to 6PM - Wednesday and Saturday 9:30AM to 6PM - Friday 1PM to 7PM",
        "address": "19 Boulevard Gustave Chancel, 06000 Antibes",
        "type": "Public place",
        "url": "http://ma-mediatheque.net",
        "power": { "available": true },
        "wifi": { "available": true, "comment": "Ask agents for the code. Need to logout/login every 5 hours." }
    },
    {
        "name": "Médiathèque d'Arles",
        "lat": 43.67624,
        "lon": 4.625513,
        "openHours": "From Monday to Friday - 1:00pm to 6:30pm - Wendesday - 10:00am to 6:30pm - saturday - 10:00am to 5:00pm",
        "address": "Place Félix Rey - 13200 Arles",
        "type": "Public place",
        "url": "http://www.mediatheque.ville-arles.fr",
        "power": {"available": true },
        "wifi": {"available": false }
    },
    {
        "name": "L'Antiga Estació",
        "lat": 41.394142,
        "lon": 2.183088,
        "openHours": "From Monday to Sunday - 10:00am to 9:00pm",
        "address": "Carrer d'Alí Bei, 80 - 08013 Barcelona",
        "type": "Coffee/Restaurant",
        "url": "https://www.barcelonanord.cat/en/station-map/ground-floor/",
        "power": {"available": false },
        "wifi": {"available": true }
    },
    {
        "name": "Helios Llibres",
        "lat": 41.38577,
        "lon": 2.13847,
        "openHours": "From Monday to Friday - 7:30am to 8:00pm - Saturday and Sunday - 8:00am to 2:00pm",
        "address": "C/Nicaragua 100, Barcelona",
        "type": "Library",
        "url": "http://heliosllibres.blogspot.com.es",
        "power": {"available": true },
        "wifi": {"available": true }
    },
    {
        "name": "Rabbar",
        "lat": 41.38651,
        "lon": 2.13231,
        "openHours": "From Monday to Sunday",
        "address": "Plaça de la concòrdia, Barcelona",
        "type": "Bar",
        "url": "http://www.rabbar.es",
        "power": {"available": true },
        "wifi": {"available": true }
    },
    {
        "name": "Starbucks Diagonal",
        "lat": 41.3911671,
        "lon": 2.1362266,
        "openHours": "From Monday to Friday - 7:30am to 10:00pm - Saturday and Sunday - 8:30am to 10:00pm",
        "address": "Avda. Diagonal, 640 - Barcelona",
        "type": "Coffee",
        "url": "http://www.starbucks.com/store/2244/es/diagonal-mar/avda-diagonal-no-3-barcelona-kya-08018",
        "power": {"available": true },
        "wifi": {"available": true }
    },
    {
        "name": "Club Cronopios",
        "lat": 41.3821922,
        "lon": 2.1658459,
        "openHours": "From Monday to Sunday - 6:00pm to 1:00am",
        "address": "Carrer de Ferlandina, 16 - Barcelona",
        "type": "Cultural Center/Coffee",
        "url": "https://clubcronopiosblog.wordpress.com",
        "power": {"available": true },
        "wifi": {"available": true },
        "comment": "Great friendly associative place with true wifi"
    },
    {
        "name": "Cafetaria El Corto Inglés",
        "lat": 41.3879722,
        "lon": 2.169051,
        "openHours": "From Monday to Sunday - 9:30pm a 9:30pm",
        "address": "Plaça de Catalunya, 14 - Barcelona",
        "type": "Restaurant/Coffee",
        "url": "http://restauracion.elcorteingles.es/cafeteria.html",
        "power": {"available": true },
        "wifi": {"available": true }
    },
    {
        "name": "Alsur Café",
        "lat": 41.3911279,
        "lon": 2.1713038,
        "openHours": "From Monday to Wednesday - 8:00am to 0:00 - Thursday - 8:00am to 1:00am - Friday - 8:00am to 3:00am - Saturday - 9:00am to 3:00am - Sunday - 9:00am to 0:00",
        "address": "Roger de Llúria, 23 - Barcelona",
        "type": "Coffee",
        "url": "http://www.alsurcafe.com/alsurcafe/lluria.html",
        "power": {"available": true },
        "wifi": {"available": true }
    },
    {
        "name": "Alsur Café (Lluria)",
        "lat": 41.3871079,
        "lon": 2.174921,
        "openHours": "From Monday - 10:00am to 1:00 - Thursday to Wednesday - 10:00am to 1:30am - Tuesday - 10:00am to 2:00am - Saturday - 10:00am to 3:00am - Sunday - 10:00am to 1:00",
        "address": "Sant Pere Més Alt, 4 - Barcelona",
        "type": "Coffee",
        "url": "http://www.alsurcafe.com/alsurcafe/lluria.html",
        "power": {"available": true },
        "wifi": {"available": true }
    },
    {
        "name": "Alsur Café (El born)",
        "lat": 41.38665,
        "lon": 2.18015,
        "openHours": "From Monday - 11:15am to 0:30 - Friday - 11:15am to 3:00am - Saturday - 10:00am to 3:00am - Sunday - 10:00am to 0:30",
        "address": "Plaza de Sant Cugat, 1 - Barcelona",
        "type": "Restaurant/Coffee",
        "url": "http://www.alsurcafe.com/alsurcafe/el_born.html",
        "power": {"available": true },
        "wifi": {"available": true }
    },
    {
        "name": "Granja Petitbo",
        "lat": 41.397547,
        "lon": 2.172550,
        "openHours": "From Monday - 08:30am to 22:30 - Thursday & Friday - 08:30am to 0:00am - Saturday - 10:00am to 0:00am - Sunday - 10:00am to 17:00",
        "address": "Passeig de Sant Joan, 82 - Barcelona",
        "type": "Restaurant/Coffee",
        "url": "http://www.granjapetitbo.com/",
        "power": {"available": false },
        "wifi": {"available": true }
    },
    {
        "name": "Sankt Oberholz",
        "lat": 52.5295476,
        "lon": 13.4018946,
        "address": "Rosenthaler Straße 72a, Berlin",
        "type": "coffee / coworking",
        "url": "http://www.sanktoberholz.de/",
        "power": {"available": true},
        "wifi": {"available": true}
    },
    {
        "name": "Saint Seurin",
        "lat": 44.8437174,
        "lon": -0.5868276,
        "address":  "3, Place Lucien Victor Meunier",
        "url": "http://restaurant-saint-seurin.com",
        "openHours": "Monday to Saturday - 10:00am to 2:00am",
        "type" : "brasserie",
        "power": {"available": true},
        "wifi": {"available": true}
    },
    {
        "name": "Harriet's Café",
        "lat": 44.8433988,
        "lon": -0.577808,
        "address":  "12, Place des Grands Hommes",
        "type" : "coffee shop",
        "power": {"available": true},
        "wifi": {"available": true},
        "comment": "1st floor"
    },
    {
        "name": "Nature Cook",
        "lat": 44.8368387,
        "lon": -0.5799406,
        "address":  "21, Rue des Frères Bonie",
        "openHours": "Monday to Friday - 7:00am to 4:00pm",
        "type" : "snack bio",
        "power": {"available": true},
        "wifi": {"available": true}
    },
    {
        "name": "Médiathèque Jacques Elul",
        "lat": 44.799583,
        "lon": -0.642509,
        "address": "21 Résidence Camponac",
        "url": "http://mediatheque.mairie-pessac.fr/",
        "type": "library",
        "power": {"available": true},
        "wifi": {"available": true}
    },
    {
        "name": "Cinéma Jean-Eustache",
        "lat": 44.8055904,
        "lon": -0.6332684,
        "address": "Place de la 5ème République, 33600 Pessac",
        "openHours": "Monday - 05:30pm to 09:00pm - Tuesday - 12:15pm to 09:00pm - Wednesday, Friday, Saturday, Sunday - 02:00pm to 09:30pm - Thursday - 03:30pm to 09:30pm",
        "url": "http://www.webeustache.com/le-cafe/",
        "type": "coffee shop inside a movie theater",
        "power": {"available": true},
        "wifi": {"available": true}
    },
    {
        "name": "Le Central",
        "lat": 44.8000427,
        "lon": -0.6202214,
        "address": "130 Avenue du Dr Albert Schweitzer, 33600 Pessac",
        "openHours": "Monday to Friday - 11:00am to 02:00am",
        "type": "bar",
        "power": {"available": true},
        "wifi": {"available": true}
    },
    {
        "name": "Fnac and Columbus",
        "lat": 44.8399427,
        "lon": -0.5739308,
        "openHours": "Monday to Saturday - 10:00am to 7:30pm and Sundays - 11:00am to 7:00pm",
        "address": "50, rue Ste Catherine",
        "url": "http://www.fnac.com/Bordeaux/Fnac-Bordeaux/cl116/w-4",
        "type": "shop and coffee",
        "power": {"available": true},
        "wifi": {"available": true},
        "comment": "go upstairs, at the top"
    },
    {
        "name": "Café des Arts",
        "lat": 44.8347446,
        "lon": -0.5731186,
        "openHours": "Monday to Sundays - 7:30am to 11:30pm",
        "address": "138, Cours Victor Hugo",
        "type": "brasserie/coffee",
        "power": {"available": true},
        "wifi": {"available": true}
    },
    {
        "name": "Conseil Départemental de Gironde",
        "lat": 44.83587,
        "lon": -0.58602,
        "openHours": "Monday to Thursday - 8:15am to 5:15pm - and Friday - 8:15am to 4:45pm",
        "address": "1, Esplanade Charles de Gaulle",
        "url": "http://www.gironde.fr",
        "type": "public place",
        "power": {"available": true},
        "wifi": {"available": true},
        "comment": "wifi, with your id card"
    },
    {
        "name": "Pause Nature",
        "lat": 44.840878,
        "lon": -0.5598081,
        "openHours": "Monday to Friday - 9:00am to 3:30pm",
        "address": "26/28, Place de Stalingrad",
        "url": "http://www.pausenature.fr",
        "type": "coffee/snack",
        "power": {"available": true},
        "wifi": {"available": true}
    },
    {
        "name": "Bar des Vedettes - Chez Fred",
        "lat": 44.83839,
        "lon": -0.56960,
        "openHours": "Monday to Friday - 7:30am to 2:00am",
        "address": "13, place du palais",
        "url": "http://www.barchezfred.com",
        "type": "restaurant",
        "power": {"available": true},
        "wifi": {"available": true}
    },
    {
        "name": "Burger Fermier",
        "lat": 44.82598,
        "lon": -0.55744,
        "openHours": "Monday to Saturday - 9:30am to 11:00pm",
        "address": "Place de Casablanca",
        "url": "http://le-burger-fermier.fr",
        "type": "restaurant",
        "power": {"available": true},
        "wifi": {"available": true}
    },
    {
        "name": "CAPC - Musée d'Art Contemporain de Bordeaux",
        "lat": 44.84888,
        "lon": -0.57316,
        "openHours": "11:00am to 6:00pm - wendesday - 11:00am to 8:00pm - closed on Monday",
        "address": "7, rue Ferrère",
        "url": "http://www.capc-bordeaux.fr",
        "type": "museum",
        "power": {"available": true},
        "wifi": {"available": true}
    },
    {
        "name": "Billy Factory",
        "lat": 44.8214926,
        "lon": -0.5825119,
        "openHours": "Monday to Saturday - 11:30am to 9:00pm - Saturday - 10:00am to 9:00pm",
        "address": "5, Place Louis Barthou",
        "url": "http://www.billyfactory.com",
        "type": "coffee shop",
        "power": {"available": true},
        "wifi": {"available": true},
        "comment": "Trolley: Barrière St Genès"
    },
    {
        "name": "Brasserie Terminus",
        "lat": 44.8265365,
        "lon": -0.5568704,
        "openHours": "Monday to Sunday - 11:00am to 10:30pm",
        "address": "28, Rue Charles Domercq",
        "type": "brasserie",
        "power": {"available": true},
        "wifi": {"available": true},
        "comment": "Trolley: Gare Saint-Jean"
    },
    {
        "name": "Le Garage Moderne",
        "lat": 44.86527,
        "lon": -0.55104,
        "openHours": "Monday to Friday - 9:00am to 6:00pm",
        "address": "1, Rue des étrangers",
        "url": "http://www.legaragemoderne.org",
        "type": "coop place",
        "power": {"available": true},
        "wifi": {"available": true},
        "comment": "Friendly and original place"
    },
    {
        "name": "Cap Sciences",
        "lat": 44.85963,
        "lon": -0.55422,
        "openHours": "Monday to Friday - 2:00pm to 6:00pm - Thursday - 2:00pm to 9:00pm - Saturday and Sunday - 2:00pm to 7:00pm",
        "address": "Hangar 20 - Quai de Bacalan",
        "url": "http://www.cap-sciences.net",
        "type": "public place",
        "power": {"available": true},
        "wifi": {"available": true},
        "comment": "1st floor"
    },
    {
        "name": "Golden Apple",
        "lat": 44.8545868,
        "lon": -0.5697613,
        "openHours": "Monday - 11:30pm to 3:00pm and 6:00 pm to 11:45pm Tuesday to Thursday - 11:30pm to 3:00pm and 6:00 pm to 2:00pm - Saturday - 12:00pm to 2:00pm",
        "address": "46, Rue Borie",
        "url": "http://www.golden-apple.fr",
        "type": "pub",
        "power": {"available": true},
        "wifi": {"available": true}
    },
    {
        "name": "French Coffee Shop",
        "lat": 44.8405389,
        "lon": -0.5732745,
        "openHours": "Tuesday to Saturday - 11:00am to 7:00pm",
        "address": "20, Rue du Parlement Sainte Catherine",
        "url": "http://www.frenchcoffeeshop.com",
        "type": "coffee shop",
        "power": {"available": true},
        "wifi": {"available": true}
    },
    {
        "name": "Le Chantilly",
        "lat": 45.158552, 
        "lon": 1.532314,
        "address":  "9 Rue du Lion d'or",
        "url": "https://www.le-chantilly.com/",
        "openHours": "Monday: 12am to 7pm, Tuesday to Friday: - 11am to 7pm, Saturday: 9:30am to 7pm",
        "type" : "Tea room",
        "power": {"available": true},
        "wifi": {"available": true}
    },
    {
      "name": "Exki Porte de Namur",
	  "openHours": "Mon-Fri 07:30-22:00; Sat 09:00-22:00; Sun 09:00-20:00",
      "lat": 50.837937,
      "lon": 4.362154,
      "address": "Chaussée d'Ixelles 12, 1050 Ixelles",
      "type" : "Food & coffee",
      "power": {"available": false},
      "wifi": {"available": true},
      "comment": "Nice comfy room upstairs with usually some free tables"
    },
    {
      "name": "JAT",
	  "openHours": "Mon-Fri 08:00-18:00; Sat-Sun 09:00-19:00",
      "lat": 50.840567,
      "lon": 4.359992,
      "address": "Rue de Namur 28, 1000 Brussels",
      "type" : "Coffee shop",
      "power": {"available": false},
      "wifi": {"available": true},
      "comment": "Can be noisy and crowded at weekends"
    },
	{
      "name": "Natural Caffè Mont des Arts",
	  "openHours": "Mon-Fri 7.30am-7pm; Sat-Sun 11am-7pm",
      "lat": 50.844132,
      "lon": 4.358031,
      "address": "Mont des Arts 20, 1000 Brussels",
      "type" : "Coffee shop",
      "power": {"available": false},
      "wifi": {"available": true}
    },
	  {
      "name": "Natural Caffè Louise",
	  "openHours": "Mon-Fri 7.30am-7pm; Sat 9am-7pm; Sun 10am-6pm",
      "lat": 50.827487,
      "lon": 4.364330,
      "address": "196a Av. Louise 1050 Brussels",
      "type" : "Coffee shop",
      "power": {"available": false},
      "wifi": {"available": true}
    },
    {
        "name": "French Coffee Shop",
        "openHours": "Monday: 12h00 - 19h00, Thusday  to Saturday:8h30 to 19h00",
        "lat": 44.4452062,
        "lon": 1.4432991,
        "address": "165 Rue nationale, 46000 Cahors",
        "type" : "Coffee shop",
        "power": {"available": true, "comment": "directly on most of the tables"},
        "wifi": {"available": true},
        "url": "https://fr-fr.facebook.com/FrenchCoffeeShopCahors?ref=stream&hc_location=stream"
    },
    {
        "name": "Le Lieu Commun",
        "openHours": "Monday - Friday, 9h00 - 18h00",
        "lat": 50.948865,
        "lon": 1.853318,
        "address":  "8 rue des soupirants",
        "type" : "Coworking",
        "wifi": {"available": true},
        "power": {"available": true},
        "url": "https://www.facebook.com/lelieucommun"
    },
    {
        "name": "Starbucks",
        "lat": 54.89507,
        "lon": -2.93542,
        "address": "64 Scotch Street, Carlisle, CA3 8PN",
        "type" : "coffee shop",
        "power": {"available": true},
        "wifi": {"available": true}
    },
    {
        "name": "The Coffee Kitchen",
        "lat": 54.66358,
        "lon": -3.36360,
        "address": "40 Challoner Street, Cockermouth, CA13 9QU",
        "type" : "coffee shop",
        "power": {"available": true},
        "wifi": {"available": true}
    },
    {
        "name": "Presse Café",
        "lat": 14.667021,
        "lon": -17.440041,
        "address": "Rue Carnot angle Boul. des Madeleines",
        "type": "coffee / coworking",
        "url": "http://pressecafe.sn",
        "power": {"available": true},
        "wifi": {"available": true}
    },
    {
        "name": "Mac Callaghan",
        "lat": 47.324530,
        "lon": 5.039927,
        "openHours": "Mon, Wed, Thu, Sun 08:45am to 02:00am. Tue, Fri, Sat 07:45am to 02:00am",
        "address":  "8, Rue Bannelier",
        "url": "http://pub-maccallaghan.com",
        "type": "Pub",
        "power": {"available": true},
        "wifi": {"available": true},
        "comment": "Power plug on the terrace, usable even when raining"
    },
    {
        "name": "O'bareuzai",
        "lat": 47.322555,
        "lon": 5.038984,
        "openHours": "Monday to Sunday, 08:00 to 23:00",
        "address":  "3, Place François Rude",
        "type": "Coffee Shop",
        "power": {"available": true},
        "wifi": {"available": true},
        "comment": "Power plug on the terrace"
    },
    {
        "name": "L'Equitable",
        "openHours": "Thusday - Friday, 12h00 - 19h00",
        "lat": 42.965589,
        "lon": 1.608845,
        "address":  "Place Georges Duthil",
        "type" : "Espace inter-associatif",
        "wifi": {"available": true},
        "power": {"available": true},
        "url": "http://www.lequitable.org/"
    },
    {
        "name": "De pain a sandwich",
        "openHours": "Monday - Saturday, 8h00 - 19h00",
        "lat": 43.840777,
        "lon": 1.389933,
        "address":  "5 esplanade Pierre Campech",
        "type" : "Bakery & Coffee Shop",
        "wifi": {"available": true},
        "power": {"available": true},
        "comment": "table pour poser son ordi, convivial, bon accueil.",
        "url": "https://www.facebook.com/depains.a.sandwichs/?fref=ts"
    },
    {
        "name": "Bar du Chateau",
        "openHours": "Tuesday - Sunday, 10:00am to 7:00pm",
        "lat": 43.82857,
        "lon": 3.61784,
        "address":  "Quai du Garrel, 34380 Saint-Jean-de-Buèges",
        "type" : "Bar",
        "wifi": {"available": true},
        "power": {"available": true}
    },
    {
      "name": "La chocolateria",
	  "openHours": "Mon-Sun 07:30-19:00",
      "lat": 50.64644,
      "lon": 5.57522,
      "address": "3 rue du Palais, 4000 Liège, Belgium",
      "type" : "Chocolate shop",
      "power": {"available": false},
      "wifi": {"available": true},
      "url": "http://www.la-chocolateria.com/"
    },
    {
        "name": "Le Monde Moderne",
        "lat": 50.637486,
        "lon": 3.06397,
        "address":  "12 Rue des Trois Couronnes",
        "type" : "coffee",
        "power": {"available": true},
        "wifi": {"available": true}
    },
    {
        "name": "L'illustration",
        "lat": 50.639419,
        "lon": 3.05823,
        "address":  "1 Rue Doudin",
        "type" : "coffee",
        "power": {"available": false},
        "wifi": {"available": false}
    },
    {
        "name": "Meert",
        "lat": 50.637772,
        "lon": 3.061916,
        "address":  "27 Rue Esquermoise",
        "type" : "coffee and teamroom",
        "power": {"available": false},
        "wifi": {"available": false}
    },
    {
        "name": "Elizabeth's",
        "lat": 50.6386182,
        "lon": 3.0602134,
        "address":  "71 Rue Basse",
        "type" : "coffee and teamroom",
        "power": {
            "available": true,
            "comment": "a few sockets in the top room's corners"
        },
        "wifi": {"available": false},
        "comment": "Small venue, good food and teas, comfy chairs."
    },
    {
        "name": "Basilic Café",
        "lat": 50.6377668,
        "lon": 3.0622969,
        "address":  "24 bis Rue Esquermoise",
        "type" : "restaurant and bar",
        "power": {"available": true},
        "wifi": {"available": true}
    },
    {
        "name": "Café Citoyen",
        "lat": 50.63262,
        "lon": 3.06312,
        "address":  "7 Place du Vieux Marché aux Chevaux",
        "type" : "coffee and bar",
        "power": {"available": true},
        "wifi": {"available": true},
        "comment": "A community coffee with organic and local food an drinks."
    },
   {
        "name": "Brunswick East",
        "lat": 51.5491713,
        "lon": -0.0789717,
        "address": "Stamford Works, Gillett St, London N16 8JH",
        "openHours": "Monday to Friday, 08:00 to 17:00; Saturday and Sunday, 09:00 to 17:00",
        "type": "coffee shop, homemade, open kitchen",
        "power": { "available": true },
        "wifi": { "available": true }
    },
   {
        "name": "South Library",
        "lat": 51.5390506,
        "lon": -0.1008359,
        "address": "117 Essex Rd, London N1 2SL",
        "openHours": "Monday and Wednesday, 09:30 to 20:00; Friday and Saturday, 09:30 to 17:00",
        "type": "library, quiet",
        "power": { "available": true },
        "wifi": { "available": true }
    },
    {
        "name": "Mildmay Library",
        "lat": 51.5476059,
        "lon": -0.0865848,
        "address": "21-23 Mildmay Park, London N1 4NA",
        "openHours": "Monday, 09:30 to 13:00; Tuesday and Thursday, 09:30 to 20:00; Saturday, 11:00 to 17:00",
        "type": "library, quiet",
        "power": { "available": true },
        "wifi": { "available": true }
    },
    {
        "name": "Kobo",
        "lat": 51.5350033,
        "lon": -0.1063137,
        "address": "346 Upper St, London N1 0PD",
        "openHours": "Monday to Friday, 07:00 to 19:00; Saturday and Sunday, 09:30 to 17:30",
        "type": "coffee, bakery, quiet",
        "power": { "available": true },
        "wifi": { "available": true }
    },
    {
        "name": "Dandy",
        "lat": 51.551252,
        "lon": -0.0864523,
        "address": "20 Newington Green, London N16 9PU",
        "openHours": "Monday to Wednesday, 08:00 to 17:00; Thursday to Sunday, 08:00 to 23:00",
        "type": "coffee, bakery, restaurant",
        "power": { "available": true },
        "wifi": { "available": true }
    },
    {
        "name": "Mildmay Community Centre",
        "lat": 51.5508424,
        "lon": -0.0846127,
        "address": "Woodville Rd, London N16 8NA",
        "openHours": "Monday to Saturday, 09:30 to 21:00",
        "type": "community centre, garden, hub",
        "power": { "available": true },
        "wifi": { "available": true }
    },
    {
        "name": "Dalston Eastern Curve Garden",
        "lat": 51.5464792,
        "lon": -0.0763661,
        "address": "13 Dalston Ln, London E8 3DF",
        "openHours": "Everyday from 11:00 to 19:00, 22:00 or 23:00",
        "type": "coffee, garden, popup pizza, community",
        "power": { "available": false },
        "wifi": { "available": false }
    },
    {
        "name": "Barbican Centre",
        "lat": 51.5200801,
        "lon": -0.0954517,
        "address": "Silk St, London EC2Y 8DS",
        "openHours": "Monday to Saturday, 09:00 to 23:00; Sunday, 11:00 to 23:00",
        "type": "coffee, arts space, theatre, cinema, bar, restaurant",
        "power": { "available": true },
        "wifi": { "available": true }
    },
    {
        "name": "Timberyard",
        "lat": 51.524126,
        "lon": -0.09638199999994868,
        "address": "61-67 Old Street, London EC1V 9HW",
        "openHours": "Monday to Friday, 08:00 to 20:00; Saturday to Sunday, 10:00 to 18:00",
        "type": "coffee",
        "power": { "available": true },
        "wifi": { "available": true }
    },
    {
        "name": "Foxcroft and Ginger",
        "lat": 51.513019,
        "lon": -0.13431400000001759,
        "address": "3 Berwick Street, Soho, London W1F 0DR",
        "openHours": "Monday, 08:00 to 19:00; Tuesday to Friday, 08:00 to 22:00; Saturday to Sunday, 09:00 to 22:00",
        "type": "coffee",
        "power": { "available": true },
        "wifi": { "available": true }
    },
    {
        "name": "Look mum no hands!",
        "lat": 51.523928,
        "lon": -0.09700900000007096,
        "address": "49 Old Street, London EC1V 9HX",
        "openHours": "Monday to Friday, 07:30 to 22:00; Saturday, 09:00 to 22:00; Sunday: 09:30 to 22:00",
        "type": "coffee",
        "power": { "available": true },
        "wifi": { "available": true, "comments": "The wi-fi is flaky." }
    },
    {
        "name": "Ace Hotel Shoreditch",
        "lat": 51.525744,
        "lon": -0.07723599999997077,
        "address": "100 Shoreditch High Street, London E1 6JQ",
        "type": "hotel/coffee",
        "power": { "available": true },
        "wifi": { "available": true }
    },
    {
        "name": "Hotel Chocolat",
        "lat": 51.514859,
        "lon": -0.12687800000003335,
        "address": "4 Monmouth Street, London WC2H 9HB",
        "type": "coffee",
        "power": { "available": true },
        "wifi": { "available": false }
    },
    {
        "name": "Taylor St Baristas",
        "lat": 51.51447,
        "lon": -0.08605199999999513,
        "address": "125 Old Broad Street, London EC2N 1AR",
        "openHours": "Monday to Friday, 07:00 to 18:00",
        "type": "coffee",
        "power": { "available": true },
        "wifi": { "available": true }
    },
    {
        "name": "Starbucks",
        "lat": 51.518916,
        "lon": -0.07838400000002821,
        "address": "8-10 Brushfield Street, London E1 6AN",
        "openHours": "Monday to Friday, 06:00 to 19:30; Saturday to Sunday, 08:00 to 19:30",
        "type": "coffee",
        "power": { "available": true },
        "wifi": { "available": true, "comments": "The wi-fi is flaky." }
    },
    {
        "name": "Prufrock Coffee",
        "lat": 51.519933,
        "lon": -0.10949400000004061,
        "address": "23-25 Leather Lane, London EC1N 7TE",
        "type": "coffee",
        "power": { "available": false },
        "wifi": { "available": true }
    },
    {
        "name": "With Jam & Bread",
        "lat": 51.456909,
        "lon": 0.009070999999948981,
        "address": "386 Lee High Road, London SE12 8RW",
        "openHours": "Monday to Friday, 08:00 to 16:00; Saturday, 09:30 to 15:30",
        "type": "coffee",
        "power": { "available": false },
        "wifi": { "available": true }
    },
    {
        "name": "Fix Coffee",
        "lat": 51.523372,
        "lon": -0.09330499999998665,
        "address": "161 Whitecross Street, London EC1Y 8JL",
        "openHours": "Monday to Friday, 07:00 to 19:00; Saturday, 08:00 to 19:00; Sunday: 09:00 to 19:00",
        "type": "coffee",
        "power": { "available": true, "comments": "There's only one power socket." },
        "wifi": { "available": true }
    },
    {
        "name": "The Oyster Shed",
        "lat": 51.509033,
        "lon": -0.08976800000004914,
        "address": "5 Angel Lane, London EC4R 3AB",
        "openHours": "Monday to Saturday, 12:00 to 22:00; Sunday, 12:30 to 21:00",
        "type": "bar",
        "power": { "available": true },
        "wifi": { "available": true }
    },
    {
        "name": "Marks and Spencer Café",
        "lat": 51.50124709772832,
        "lon": -0.1921561360359192,
        "address": "113 Kensington High Street, London W8 5SQ",
        "type": "coffee",
        "power": { "available": false },
        "wifi": { "available": true }
    },
    {
        "name": "Foyles Cafe",
        "lat": 51.514891,
        "lon": -0.1297620000000279,
        "address": "113-119 Charing Cross Road, London WC2H 0EB",
        "openHours": "Monday to Saturday, 07:00 to 20:30; Sunday, 10:00 to 17:30",
        "type": "coffee",
        "power": { "available": true, "comments": "One power socket in the south-east corner." },
        "wifi": { "available": true }
    },
    {
        "name": "Association Coffee",
        "lat": 51.5136,
        "lon": -0.07911000000001422,
        "address": "10-12 Creechurch Lane, London EC3A 5AY",
        "openHours": "Monday to Friday, 07:30 to 17:00",
        "type": "coffee",
        "power": { "available": false },
        "wifi": { "available": true }
    },
    {
        "name": "Timberyard",
        "lat": 51.512839,
        "lon": -0.1272430000000213,
        "address": "7 Upper St Martin's Lane, London WC2H",
        "openHours": "Monday to Friday, 08:00 to 20:00; Saturday, 10:00 to 20:00; Sunday, 10:00 to 18:00",
        "type": "coffee",
        "power": { "available": true },
        "wifi": { "available": true }
    },
    {
        "name": "Ozone Coffee Roasters",
        "lat": 51.524696,
        "lon": -0.08685700000000907,
        "address": "11 Leonard Street, London EC2A 4AQ",
        "openHours": "Monday to Friday, 07:30 to 17:00; Saturday to Sunday, 09:00 to 16:00",
        "type": "coffee",
        "power": { "available": true },
        "wifi": { "available": true }
    },
    {
        "name": "Salvation Jane",
        "lat": 51.52431,
        "lon": -0.08737300000007053,
        "address": "1 Oliver's Yard, 55 City Road, London EC1Y 1HQ",
        "openHours": "Monday, 08:00 to 16:00; Tuesday to Friday, 08:00 to 22:00; Saturday to Sunday, 09:00 to 16:00",
        "type": "coffee",
        "power": { "available": false },
        "wifi": { "available": true }
    },
    {
        "name": "Talkhouse Coffee",
        "lat": 51.517815,
        "lon": -0.206698,
        "address": "275 Portobello Rd, London W11 1LR",
        "openHours": "Monday, closed; Tuesday to Friday, 08:00 to 17:00; Saturday, 09.30 to 19:00; Sunday, 09:30 to 17:00",
        "type": "coffee",
        "power": { "available": true },
        "wifi": { "available": true }
    },
    {
        "name": "Kathy's Deli & Cupcakery",
        "openHours": "Monday - Friday: 08h00 - 18h00, Saturday: 08h00 - 16h00",
        "lat": 49.6011223,
        "lon": 6.1319008,
        "address":  "9 Rue de Strasbourg, 2561 Luxembourg",
        "type" : "Restaurant, Cupcakes & Coffee Shop",
        "wifi": {"available": true},
        "power": {"available": true},
        "url": "https://www.facebook.com/KathysCupcakery/"
    },
    {
        "name": "La Folie Douce",
        "lat": 45.7724217,
        "lon": 4.8343591,
        "address":  "7, pl. Colbert 69001 Lyon",
        "type": "coffee",
        "power": {"available": true, "comment": "for one table"},
        "wifi": {"available": true, "comment": "ask to the boss to get the code"}
    },
    {
        "name": "Le Tasse Livre",
        "lat": 45.7687415,
        "lon": 4.830928,
        "address":  "place sathonay 69001 Lyon",
        "type": "coffee",
        "power": {"available": true},
        "wifi": {"available": true}
    },
    {
        "name": "Puzzle Café",
        "lat": 45.764192,
        "lon": 4.833711,
        "address":  "4 rue de la poullaillerie, 69002, Lyon",
        "type": "coffee",
        "power": {"available": true},
        "wifi": {"available": true}
    },
     {
        "name": "L'apparte",
        "lat": 43.2912719,
        "lon": 5.3847606,
        "openHours": "Monday to Saturday, 10h00 - 19h00",
        "address":  "6 Rue de Lodi, 13006 Marseille",
        "type" : "coffeeshop/tearoom",
        "url": "http://lapparte.business.site/",
        "comment": "y'a un petit patio au calme et une grande table à l'intérieur pour bosser tranquille",
        "power": {"available": true},
        "wifi": {"available": true}
    },
    {
        "name": "Café x Café",
        "lat": 43.2926049,
        "lon": 5.3847225,
        "openHours": "Monday to Friday, 08h00 - 16h00; Saturday to Sunday, 09h00 - 13h00",
        "address":  "2B Rue Fontange, 13006 Marseille",
        "type" : "coffeeshop",
        "power": {"available": false},
        "wifi": {"available": false, "comment": "à vérifier, je n'ai pas demandé"}
    },
    {
        "name": "Histoire de l'œil",
        "lat": 43.2921037,
        "lon": 5.3830756,
        "openHours": "Tuesday to Saturday, 10h00 - 19h00",
        "address":  "25 Rue Fontange, 13006 Marseille 06",
        "comment": "y'a des tables en intérieur _et_ en extérieur, à l'ombre d'un arbre",
        "type" : "bookshop",
        "url": "http://histoiredeloeil.com",
        "power": {"available": true},
        "wifi": {"available": true}
    },
    {
        "name": "Le Môle",
        "lat": 43.29531,
        "lon": 5.36180,
        "openHours": "Monday 12h00 - 19h00, Wednesday to Saturday, 12h00 - 19h00",
        "address":  "01 esplanade du J4 - Mucem",
        "type" : "coffee/restaurant",
        "url": "http://www.passedat.fr/#!le-mole/",
        "power": {"available": true},
        "wifi": {"available": false}
    },
    {
        "name": "Grand Escalier",
        "lat": 43.301308,
        "lon": 5.3805723,
        "openHours": "Monday to Sunday - 6:30am to 10:00pm",
        "address":  "39, Boulevard Athènes - 13001 Marseille",
        "type" : "coffee/restaurant",
        "url": "https://www.facebook.com/pages/Brasserie-Le-Grand-Escalier-Marseille/409279962446559",
        "power": {"available": true},
        "wifi": {"available": true}
    },
    {
        "name": "Les Grisettes",
        "lat": 43.58390,
        "lon": 3.86009,
        "openHours": "Monday to Thursday - 7:00am to 8:00pm - Friday - 7:00am to 11:00pm - Saturday - 8:00am to 11:00pm",
        "address":  "36, Rambla des Calissons",
        "url": "http://www.brasserielesgrisettes.fr",
        "type": "Brasserie",
        "power": {"available": true},
        "wifi": {"available": true}
    },
    {
        "name": "Fou d'Anglais",
        "lat": 43.60532,
        "lon": 3.87581,
        "openHours": "Tuesday to Sunday - 11:00am to 7:00pm",
        "address":  "10, Rue Anatole France",
        "url": "http://www.foudanglais.fr",
        "type": "Coffee Shop",
        "power": {"available": true},
        "wifi": {"available": true}
    },
    {
        "name": "La Maison des Échanges et du Commerce",
        "lat": 43.60564,
        "lon": 3.88772,
        "openHours": "Monday to Saturday - 9:00am to 7:00pm",
        "address":  "80, Avenue des États du Languedoc",
        "type" : "Collaborative Place",
        "power": {"available": true},
        "wifi": {"available": false}
    },
    {
        "name": "Home Coffee",
        "lat": 43.60733,
        "lon": 3.87656,
        "openHours": "Monday to Saturday - 7:30am to 7:00pm",
        "address":  "58, Gd Rue Jean Moulin",
        "url": "http://www.homecoffee.fr",
        "type" : "Coffee Shop",
        "power": {"available": true},
        "wifi": {"available": true}
    },
    {
        "name": "Café Bibal",
        "lat": 43.604292,
        "lon": 3.919719,
        "openHours": "Monday to Saturday - 9:00am to 7:00pm",
        "address":  "Odysseum, Pl. de Lisbonne",
        "type" : "Coffee and Snack",
        "power": {"available": true},
        "wifi": {"available": true}
    },
    {
        "name": "Café Bun",
        "lat": 43.607508,
        "lon": 3.87793,
        "openHours": "Monday - 12:00am to 7:00pm, Tuesday to Wednesday - 7:30am to 7:00pm and Saturday - 9:30am to 7:00pm",
        "address":  "5, rue des Etuves",
        "type" : "Coffee and Restaurant",
        "url": "https://fr-fr.facebook.com/BUNcafe",
        "power": {"available": true},
        "wifi": {"available": false}
    },
    {
        "name": "Fairview Coffee",
        "lat": 43.606992,
        "lon": 3.877552,
        "openHours": "Tuesday to Saturday - 9:30am to 7:00pm and Sundays - 11:00am to 5:00pm",
        "address":  "6, rue Loys",
        "type": "Coffee and Restaurant",
        "url": "https://www.facebook.com/FairviewCoffee",
        "power": {"available": true },
        "wifi": {"available": true }
    },
    {
        "name": "La Panacée",
        "lat": 43.61282,
        "lon": 3.87811,
        "openHours": "From Wednesday to Saturday - 10:00am to 1:00am and Sundays - 10:00am to 6:00pm",
        "address": "14, rue de lՎcole de pharmacie",
        "type": "Coffee and Museum",
        "url": "http://lapanacee.org",
        "power": {"available": true },
        "wifi": {"available": true }
    },
    {
        "name": "Le Corum",
        "lat": 43.614337,
        "lon": 3.881923,
        "openHours": "From Monday to Friday - 8:45am to 12:15am and 1:30am to 5:30pm",
        "address": "Esplanade Charles De Gaulle",
        "type": "Public Place",
        "url": "http://www.montpellier-events.com/Le-Corum/Presentation",
        "power": {"available": true },
        "wifi": {"available": false }
    },
    {
        "name": "Médiathèque Centrale d'Agglomération Émile Zola",
        "lat": 43.6082336,
        "lon": 3.8938274,
        "openHours": "Tuesday and Friday - 12:00am to 7:00pm, Wednesday - 10:00am to 7:00pm, Thursday - 10:00am to 9:00pm, Saturday - 10:00am to 6:30pm and Sunday - 2:30pm to 6:00pm (october to april)",
        "address": "240, rue de l'Acropole",
        "type": "Public Place",
        "url": "http://mediatheque.montpellier-agglo.com/exploitation/DEFAULT/mediatheque-emile-zola.aspx",
        "power": {"available": true },
        "wifi": {"available": false }
    },
    {
        "name": "Les Demoiselles de Montpellier",
        "lat": 43.611717920894,
        "lon": 3.8781226612183,
        "openHours": "From Monday to Saturday - 12:00am to 7:00pm, Sunday - 11:00am to 3:30pm",
        "address": "2, rue de la Carbonnerie - 34000 Montpellier",
        "type": "Tea room - (gluten free)",
        "url": "https://www.facebook.com/lesdemoisellesdemontpellier",
        "power": {"available": true },
        "wifi": {"available": true }
    },
    {
        "name": "Columbus Café & Co Montpellier",
        "lat": 43.610368,
        "lon": 3.877198,
        "openHours": "From Monday to Saturday - 8:00am to 7:30pm",
        "address": "28, rue Foch - 34000 Montpellier",
        "type": "Coffee Room",
        "url": "http://www.columbuscafe.com/columbus-cafe-montpellier.htm",
        "power": {"available": true },
        "wifi": {"available": true, "comment":"ssh and other exotical ports are closed" }
    },
    {
        "name": "Centre Chorégraphique National Agora",
        "lat": 43.614141,
        "lon": 3.878109,
        "openHours": "From Monday to Friday - 9:30am to 12:30am and 2:00pm to 6:00pm",
        "address": "18, rue Sainte-Ursule - 34961 Montpellier",
        "type": "Public Place",
        "url": "http://www.montpellierdanse.com",
        "power": {"available": true },
        "wifi": {"available": true }
    },
    {
        "name": "Les Petits Débrouillards",
        "lat": 43.5996813,
        "lon": 3.8747227,
        "openHours": "From Monday to Sunday - 9:30am to 5:30pm",
        "address": "49, boulevard Berthelot - 34000 Montpellier",
        "type": "Fellowship",
        "url": "http://www.lespetitsdebrouillards.org",
        "power": {"available": true },
        "wifi": {"available": true }
    },
    {
        "name": "L'Épi Gaulois",
        "lat": 43.607711,
        "lon": 3.898918,
        "openHours": "From Monday to Sunday - 6:00am to 8:00pm",
        "address": "200, avenue de la Pompignane - 34000 Montpellier",
        "type": "Boulangerie",
        "power": {"available": false },
        "wifi": {"available": true }
    },
    {
        "name": "La Ronde des Pains",
        "lat": 43.6009962,
        "lon": 3.8988458,
        "openHours": "From Monday to Sunday - 6:30am to 8:00pm",
        "address": "185, avenue Marie de Montpellier - 34000 Montpellier",
        "type": "Boulangerie",
        "power": {"available": false },
        "wifi": {"available": false }
    },
    {
        "name": "L'Assiette aux Pains",
        "lat": 43.6227084,
        "lon": 3.8682955,
        "openHours": "From Monday to Sunday - 6:30am to 8:00pm",
        "address": "18, avenue du professeur Grasset - 34000 Montpellier",
        "type": "Boulangerie",
        "power": {"available": true },
        "wifi": {"available": true }
    },
    {
        "name": "Hopital Gui de Chauliac",
        "lat": 43.6297968,
        "lon": 3.8628262,
        "openHours": "From Monday to Friday - 7:00am to 7:00pm - Saturday and Sundays - 9:00am to 6:00pm",
        "address": "80, avenue Augustin Fliche - 34000 Montpellier",
        "type": "Snack",
        "url": "http://www.chu-montpellier.fr/fr/a-propos-du-chru/decouvrir-le-chru/etablissements/gui-de-chauliac/",
        "power": {"available": true },
        "wifi": {"available": false }
    },
    {
        "name": "Boulangerie patisserie Gouley",
        "lat": 43.61795,
        "lon": 3.81037,
        "openHours": "From Monday to Sunday - 7:00am to 8:00pm",
        "address": "Place du soleil - Quartier des constellations - 34990 Juvignac",
        "type": "Boulangerie",
        "power": {"available": true },
        "wifi": {"available": false }
    },
    {
        "name": "Tennis la Jalade",
        "lat": 43.628174,
        "lon": 3.863447,
        "openHours": "From Monday to Sunday - 8:30am to 8:30pm",
        "address": "Rue de la Jalade - 34090 Montpellier",
        "type": "Restaurant",
        "url": "http://www.tcmlajalade.fr",
        "power": {"available": true },
        "wifi": {"available": true }
    },
    {
        "name": "L'Emporté Gourmand",
        "lat": 43.6061218,
        "lon": 3.8757435,
        "openHours": "From Monday to Saturday - 8:00am to 18:30pm",
        "address": "9, rue faubourg de la Saunerie - 34000 Montpellier",
        "type": "Restaurant",
        "url": "https://www.facebook.com/emportegourmand",
        "power": {"available": true },
        "wifi": {"available": true }
    },
    {
        "name": "Le Faubourg",
        "lat": 43.61427,
        "lon": 3.88141,
        "openHours": "From Monday to Tuesday - 11:00am to 1:00pm and 5:00pm to 7:00pm - Friday - 11:00am to 1:00pm",
        "address": "15, Rue du Faubourg de Nîmes - 34000 Montpellier",
        "type": "Fellowship",
        "url": "http://autour.com/LeFaubourg",
        "power": {"available": true },
        "wifi": {"available": true }
    },
    {
        "name": "La Terasses des Filles",
        "lat": 43.608405,
        "lon": 3.8859496,
        "openHours": "From Monday to Saturday - 8:00am to 6:00pm",
        "address": "1 Place Paul Bec - 34000 Montpellier",
        "type": "Restaurant",
        "url": "http://laterrassedesfilles.fr",
        "power": {"available": true },
        "wifi": {"available": true }
    },
    {
        "name": "David Vincent",
        "lat": 43.6493062,
        "lon": 3.8322802,
        "openHours": "From Monday to Saturday - 7:00am to 8:00pm - Sunday - 7:00am to 1:00pm",
        "address": "2, rue Gaston Planté - 34790 Grabels",
        "type": "Boulangerie",
        "url": "https://www.facebook.com/pages/Boulangerie-p%C3%A2tisserie-vincent-david/304023713119962",
        "power": {"available": true },
        "wifi": {"available": true }
    },
    {
        "name": "Maison de la prévention",
        "lat": 43.6072246,
        "lon": 3.8794982,
        "openHours": "From Monday to Friday - 10:00am to 5:00pm - first Saturdays of months - 10:00am to 1:00pm - 4th Tuesdays of months - 8:00pm",
        "address": "6, rue Maguelone - 34000 Montpellier",
        "type": "Public place",
        "url": "http://www.montpellier.fr/3251-maison-de-la-prevention-sante-bis.htm",
        "power": {"available": true },
        "wifi": {"available": true }
    },
    {
        "name": "Gazette Café",
        "lat": 43.604564,
        "lon": 3.878420,
        "openHours": "From Tuestday to Saturday - 11:00am to 01:00am",
        "address": "6 rue levat - 34000 Montpellier",
        "type": "Restaurant, pub, coffee",
        "url": "http://www.gazettecafe.fr",
        "power": {"available": true },
        "wifi": {"available": true }
    },
    {
        "name": "Chez Théo",
        "lat": 43.6123468,
        "lon": 3.8788032,
        "openHours": "From Monday to Saturday - 11:00am to 7:00pm",
        "address": "45 rue de l'Aiguillerie - 34000 Montpellier",
        "type": "Coffee",
        "url": "http://chez-theo.org/",
        "power": {"available": true },
        "wifi": {"available": true }
    },
    {
        "name": "Le Dada Café",
        "lat": 43.6123468,
        "lon": 3.8788032,
        "openHours": "From Monday to Friday - 8:00am to 4:00pm",
        "address": "43 rue de l'Université - 34000 Montpellier",
        "type": "Restaurant, pub, coffee",
        "url": "https://www.facebook.com/le-dada-caf%C3%A9-280554891960129/",
        "power": {"available": true },
        "wifi": {"available": true }
    },
    {
        "name": "Red Rock Coffee",
        "openHours": "Monday - Sunday:7am - 11pm",
        "lat": 37.3935353,
        "lon": -122.0788645,
        "address":  "201 Castro Street - Mountain View, CA 94041",
        "type" : "Non-profit coffeeshop",
        "wifi": {"available": true},
        "power": {"available": true},
        "url": "http://www.redrockcoffee.org/"
    },
    {
        "name": "Lieu Unique",
        "openHours": "Monday - 11:00am to 8:00pm - From Tuesday to Wednesday - 11:00am to 1:00pm - Thursday - 11:00am to 2:00pm - From Thursday to Saturday - 11:00am to 3:00pm - Sunday - 3:00pm to 8:00pm",
        "lat": 47.215265,
        "lon": -1.54573,
        "address": "2, rue de la Biscuiterie - Quai Ferdinand Favre - 44013 Nantes",
        "type" : "coffee",
        "power": {"available": true},
        "wifi": {"available": true},
        "url": "http://www.lelieuunique.com"
    },
    {
        "name": "La Maison Café",
        "openHours": "From Monday to Sunday - 3:00pm to 2:00am",
        "lat": 47.2200297,
        "lon": -1.5497687,
        "address": "4, rue Lebrun - 44000 Nantes",
        "type" : "cocktails bar - coffee",
        "power": {"available": true},
        "wifi": {"available": true},
        "url": "https://www.facebook.com/pages/la-Maison-Caf%C3%A9-Nantes/313440640732"
    },
    {
        "name": "Columbus",
        "openHours": "From Monday to Saturday - 8:00am to 7:30pm",
        "lat": 47.214015,
        "lon": -1.562183,
        "address": "5, square Fleuriot de l'Angle - 44000 Nantes",
        "type" : "cocktails bar - coffee",
        "power": {"available": true},
        "wifi": {"available": true},
        "url": "http://www.columbuscafe.com/columbus-cafe-nantes.htm"
    },
    {
        "name": "Solilab",
        "openHours": "From Tuesday to Saturday - 10:00am to 6:00pm",
        "lat": 47.200967,
        "lon": -1.571585,
        "address": "8, rue de Saint-Domingue - 44200 Nantes",
        "type" : "Collaborative Place",
        "power": {"available": true},
        "wifi": {"available": true},
        "url": "http://www.ecossolies.fr/-Le-Solilab-"
    },
    {
        "name": "Delight Café",
        "openHours": "From Monday to Saturday - 9:00am to 10:00pm - Sunday - 12:00am to 8:00pm",
        "lat": 47.213618,
        "lon": -1.558031,
        "address": "4, place du Commerce - 44000 Nantes",
        "type" : "Coffee Shop",
        "power": {"available": true},
        "wifi": {"available": true},
        "url": "http://www.delightcafe.fr/"
    },
    {
        "name": "Natural Bread Co.",
        "openHours": "7.30am - 5pm",
        "lat": 51.7580976,
        "lon": -1.2630194,
        "address": "29 Little Clarendon Street, Oxford",
        "type" : "coffee",
        "power": {"available": true, "comment": "a few plugs here and there, just ask the staff"},
        "wifi": {"available": true, "comment": "the password is on the blackboards"},
        "url": "http://naturalbreadcompany.co.uk/"
    },
    {
        "name": "Mel, Mich & Martin",
        "lat": 48.8509681,
        "lon": 2.3794449,
        "address": "8 Rue Saint-Bernard, 75011 Paris",
        "openHours" : "8h00-19h00",
        "type": "coffee, restaurant",
        "comment" : "Bright and quiet place café with scrumptious home made food and good coffee. Close to a pétanque area surrounded by greeneries.",
        "url": "http://www.melmichetmartin.paris/",
        "power": {"available": true},
        "wifi": {"available": true}
    },
    {
        "name": "Strada Café",
        "lat": 48.8469496,
        "lon": 2.348961,
        "address": "24 Rue Monge, 75005 Paris",
        "openHours" : "8h00-18h30",
        "type": "coffee, restaurant",
        "comment" : "Laptops are forbidden during week-ends and better not to have them opened at lunchtime too. Very good coffee and juices.",
        "url": "http://www.stradacafe.fr/rue-monge.html",
        "power": {"available": true},
        "wifi": {"available": true}
    },
    {
        "name": "O Coffeeshop",
        "lat": 48.8490735,
        "lon": 2.2912079,
        "address": "23 Rue de Lourmel, 75015 Paris",
        "openHours" : "7h30-17h30",
        "type": "coffee",
        "comment" : "Fancy australian coffee shop.",
        "url": "https://www.facebook.com/O-coffeeshop-899618906724142/",
        "wifi": {"available": true}
    },
    {
        "name": "Le Petit Voisin",
        "lat": 48.841891,
        "lon": 2.2815531,
        "address": "167 Rue Saint-Charles, 75015 Paris",
        "openHours" : "7h30-17h30",
        "type": "café, restaurant",
        "comment" : "Protected terrace on a quiet roundabout as well as spacious indoor.",
        "url": "https://www.facebook.com/pages/Le-Petit-Voisin/509961115704570",
        "power": {"available": true},
        "wifi": {"available": true}
    },
    {
        "name": "Lily of the Valley",
        "lat": 48.8713853,
        "lon": 2.360817,
        "address": "47 rue de Lancry  75010 Paris",
        "openHours" : "7h30-17h",
        "type": "tearoom",
        "comment" : "Tiny room. They serve mainly tea, and have coffee and home-made pastry.",
        "url": "https://www.facebook.com/lilyofthevalleyparis",
        "power": {"available": true},
        "wifi": {"available": true}
    },
    {
        "name": "Delaville Café",
        "lat": 48.870664,
        "lon": 2.348671,
        "address": "34 Bd de Bonne Nouvelle - 75010 Paris",
        "type": "coffee",
        "url": "http://delavillecafe.com/",
        "power": {"available": false},
        "wifi": {"available": true}
    },
    {
        "name": "St Christopher's - Paris Canal",
        "lat": 48.888533,
        "lon": 2.378878,
        "address": "153 Rue de Crimée - 75019 Paris",
        "type": "Backpacker hostel, coffee and restaurant",
        "url": "https://www.st-christophers.co.uk/paris-hostels/canal",
        "pro": "Nice view on the canal",
        "power": {"available": true},
        "wifi": {"available": true}
    },
    {
        "name": "Le Viaduc Café",
        "lat": 48.847632,
        "lon": 2.375131,
        "address": "43 avenue Daumesnil - 75012 Paris",
        "type": "Coffee, restaurant",
        "url": "http://www.leviaduc-cafe.com/",
        "pro": "4 min walk from Gare de Lyon",
        "power": {"available": true},
        "wifi": {"available": true}
    },
        {
        "name": "Belushi's Gare du Nord",
        "lat": 48.8791985,
        "lon": 2.3580921999999873,
        "address": "5 Rue de Dunkerque - 75010 Paris, France",
        "openHours" : "10h-2h",
        "type": "café + restaurant",
        "comment" : "Café and restaurant in a youth hostel. Large nice room with wooden table and glass roof. Not the best café / restaurant but nice working place. Few power outlet. Wifi available but I think it's only for hostel residents - in any case, enjoyparis ;)",
        "url": "http://www.belushis.com/bars/paris/gare-du-nord",
        "power": {"available": true},
        "wifi": {"available": false}
    },
        {
        "name": "La Gaïeté Lyrique",
        "lat": 48.8665628,
        "lon": 2.3512001,
        "address": "3 bis Rue Papin, 75003 Paris",
        "openHours" : "From Thuesday to Saturday 14h-20h, Sunday 14h-18h",
        "type": "café",
        "comment" : "Café on 1st and 2nd floor. Prefer the 2nd one",
        "url": "http://gaite-lyrique.net",
        "power": {"available": true},
        "wifi": {"available": true}
    },
        {
        "name": "La Halle Pajol - Auberge de Jeunesse Paris Yves Robert",
        "lat": 48.8886871,
        "lon": 2.3608308,
        "address": "20 Espl. Nathalie Sarraute, 75018 Paris",
        "openHours" : "0h-24h",
        "type": "café + hostel",
        "comment" : "One of the place with the cheapest beers in Paris - not sure the café is opened all day long as the hostel",
        "url": "http://halle-pajol.fr",
        "power": {"available": true},
        "wifi": {"available": false}
    },
        {
        "name": "Zouzou Café",
        "lat": 48.8665088,
        "lon": 2.3443069,
        "address": "8 Rue Léopold Bellan, 75002 Paris",
        "openHours" : "8h30-17h30",
        "type": "Café + restaurant",
        "comment" : "For lunch, home made dishes, healthy style, and coffee, tea, juices, cakes all day. Organic food. Nice people, very quiet.",
        "url": "http://zouzoucafe.com",
        "power": {"available": true},
        "wifi": {"available": true}
    },
    {
        "name": "Blackburn Café Show",
        "lat": 48.8736257,
        "lon": 2.3437387,
        "address": "34 Rue Richer, 75009 Paris",
        "openHours" : "10h00-21h00",
        "type": "coffee, theatre, juice, light food",
        "comment" : "A bright and quiet tiny place with a joint theatre ticket office.",
        "url": "http://www.blackburn-paris.com/",
        "power": {"available": true},
        "wifi": {"available": true}
    },
    {
      "name": "Mille Potes",
      "Opnening": "From tuesday to staurday 5.30pm to 1.00am",
      "lat": 48.1076246,
      "lon": -1.6757646,
      "address": "4 boulverd de la Liberté - 35000 Rennes",
      "type" : "bar- keynote place",
      "power": {"available": true, "comment": "look at the corner of the room"},
      "wifi": {"available": true, "comment": "Look at the wall"},
      "url": "https://www.facebook.com/Mille-Potes-483203295133261/",
      "comment": "Wikipedia hub on thursday, Pinte of science & biomimicry makers sometimes. Not so far from train station & subway"
    },
    {
      "name": "Le 4C",
      "openHours": "Étage du pôle Vie du Citoyen- Tuesday to friday 12am to 7pm & satruday & sunday 2pm to 7pm",
      "lat": 48.105158,
      "lon": -1.6768537,
      "address": "10 Cours des Alliés, 35000 Rennes",
      "type" : "citizen workplace and knowledge plaza",
      "power": {"available": true},
      "wifi": {"available": true, "comment": "ask a ticket for access"},
      "url": "http://www.leschampslibres.fr/les-rendez-vous-4c/",
      "comment": "Citizen place, whiteboard,Books, museum, science hall inside, train station very close"
    },
    {
      "name": "Le petit Bacchus",
      "openHours": "Monday to saturday 9pm to 8am",
      "lat": 48.1084225,
      "lon": -1.6850632,
      "address": "42 Rue Vasselot, 35000 Rennes",
      "type" : "Bar",
      "power": {"available": true},
      "wifi": {"available": true, "comment": "Barman is the key"},
      "url": "https://www.facebook.com/martine.lecomte.370",
      "comment": "poolroom, coffee, wine, power outlet, Often calm and bright"
    },
    {
    "name": "Le Panama",
    "openHours": "Fronm Monday to Saturday 10.00am to 1.00am",
    "lat": 48.0969823,
    "lon": -1.6672685,
    "adress": "28 Rue Bigot de Préameneu, 35000 Rennes",
    "type": "bar and amazing garden",
    "power": {"available":true},
    "wifi": {"available": true, "comment":"ask the barman"},
    "url": "https://www.facebook.com/Le-Panama-232727366835587/",
    "comment" : "garden, BBQ, crazy place for crazy people"
    },
    {
        "name": "Café Dessiné",
        "lat": 49.4406527,
        "lon": 1.0984240,
        "openHours": "Tuesday - 10am to 7pm - Wednesday - 9am to 7pm - Thursday to Saturday - 9am to 10pm - Sunday - 11am to 7pm",
        "address":  "31, rue Damiette 76000 Rouen",
        "url": "http://cafedessine.fr/",
        "type": "Brunch, Breakfast, Lunch, Games, Comics, Coffee Shop",
        "power": {"available": true},
        "wifi": {"available": true}
    },
    {
        "name": "Le Mixeur",
        "lat": 45.449602,
        "lon": 4.385877,
        "address": "5 rue Javelin Pagnon, 42000 Saint-Étienne",
        "type": "third place",
        "openHours": "08:00-18:00",
        "url": "http://www.le-mixeur.org/",
        "power": {"available": true, "comment": "Look on the floor under the tables, or on the wall."},
        "wifi": {"available": true, "comment": "Good wifi (sadly behind a proxy for authentication). Some exotic ports are blocked. Password is written on the walls."},
        "comment": "It's free for everyone! Tables, sofas, amazing architecture: very cool place. Often empty then quiet, sometimes occupied for meetings by local communities."
    },
    {
        "name": "Central Parc Café",
        "lat": 45.4347,
        "lon": 4.3903,
        "address": "7 rue Camille Colard, 42000 Saint-Étienne",
        "type": "coffee",
        "openHours": "09:00-19:00",
        "url": "https://plus.google.com/117095066536785671875/about",
        "power": {"available": true},
        "wifi": {"available": true, "comment": "Ask the password to the owner"},
        "coment": "You're supposed to order regularly to be allowed to stay a long time. But the owner never asked for it."
    },
    {
        "name": "Good Dog's Bar",
        "lat": 45.419097,
        "lon": 4.412052,
        "address": "2 rue Copernic, 42000 Saint-Étienne",
        "type": "restaurant",
        "url": "http://www.gooddogs.fr/",
        "wifi": {"available": true, "comment": "True good wifi. Password printed on order tickets."},
        "coment": "Excellent but cheap burgers and hot-dogs. Very nice place."
    },
    {
        "name": "Hartford Coffee Company",
        "openHours": "Monday - Thursday: 6am - 9pm, Friday - Satuday: 7am - 10pm, Sunday: 7am - 7pm",
        "lat": 38.6027557,
        "lon": -90.2524691,
        "address":  "3974 Hartford Street",
        "type" : "Bagels & Coffee Shop",
        "wifi": {"available": true},
        "power": {"available": true},
        "url": "http://www.hartfordcoffee.net"
    },
    {
        "name": "San Francisco Public Library",
        "openHours": "Monday: 12am - 5pm, Tuesday - Thursday: 9am - 8pm, Friday: 12am - 6pm, Saturday: 10am - 6pm, Sunday: 12pm - 5pm",
        "lat": 38.6027557,
        "lon": -90.2524691,
        "address":  "100 Larkin St. - San Francisco, 94102",
        "type" : "Public library",
        "wifi": {"available": true},
        "power": {"available": true},
        "url": "http://sfpl.org/"
    },
    {
        "name": "Panera Bread",
        "openHours": "Monday - Sunday: 6:30am - 9pm",
        "lat": 37.7757022,
        "lon": -122.3936884,
        "address":  "301 King St, San Francisco, CA 94158",
        "type" : "Bread shop",
        "wifi": {"available": true},
        "power": {"available": true},
        "url": "https://www.panerabread.com/"
    },
    {
        "name": "The Metreon",
        "openHours": "Monday - Sunday: 10:30am - 9pm",
        "lat": 37.78418,
        "lon": -122.40361,
        "address":  "135 4th Street, San Francisco, CA 94103",
        "type" : "Urban mall",
        "wifi": {"available": true},
        "power": {"available": false},
        "url": "http://www.cityviewmetreon.com/"
    },
    {
        "name": "Beacon Coffee & Pantry",
        "openHours": "Monday - Sunday: 7am - 6pm",
        "lat": 37.8022408,
        "lon": -122.4133416,
        "address":  "805 Columbus Avenue - San Francisco, CA 94133",
        "type" : "Coffee shop",
        "wifi": {"available": true},
        "power": {"available": false},
        "url": "http://www.beacon-sf.com/"
    },
    {
        "name": "Peets Coffee & Tea",
        "openHours": "Monday - Sunday: 5am - 8:30pm",
        "lat": 37.764842,
        "lon": -122.431898,
        "address":  "2257 Market Street - San Francisco, CA 94114",
        "type" : "Coffee shop",
        "wifi": {"available": true},
        "power": {"available": true},
        "url": "https://www.peets.com/"
    },
    {
        "name": "Union Square",
        "openHours": "24/7",
        "lat": 37.7879717,
        "lon": -122.4075456,
        "address":  "333 Post Street - San Francisco, CA 94108",
        "type" : "Public square",
        "wifi": {"available": true},
        "power": {"available": false},
        "url": "http://en.wikipedia.org/wiki/Union_Square,_San_Francisco"
    },
    {
        "name": " Peet’s Coffee & Tea ",
        "openHours": "5am - 6:30pm",
        "lat": 37.7911186,
        "lon": -122.4025815,
        "address":  "217 Montgomery Street - San Francisco, CA 94104",
        "type" : "Coffee shop",
        "wifi": {"available": true},
        "power": {"available": true},
        "url": "https://www.peets.com/"
    },
    {
        "name": "Graffalgar",
        "openHours": "Monday - Saturday, 07h00 - 00h00, Sunday, 07h00 - 15h00",
        "lat": 48.583358,
        "lon": 7.735684,
        "address":  "17 Rue Déserte",
        "type" : "Hotel & Cafetaria",
        "wifi": {"available": true},
        "power": {"available": true},
        "url": "http://www.graffalgar-hotel-strasbourg.com/"
    },
    {
        "name": "Café Culture",
        "lat": 43.12314,
        "lon": 5.93433,
        "openHours": "Friday to Wednesday - 9:00am to 1pm and 2:00pm to 7:00pm - Tuesday - 9:00am to 1pm and 2:00pm to 10:00pm - Thursday an Saturday - 8:00am to 1pm and 2:00pm to 7:00pm",
        "address":  "24, Rue Paul Lendrin",
        "url": "http://www.cultures-et-communication.org",
        "type": "Coffee Shop",
        "power": {"available": true},
        "wifi": {"available": true}
    },
    {
        "name": "La ferme attitude",
        "openHours": "Monday to Saturday: 9h30 - 19h30",
        "lat": 43.6009773,
        "lon": 1.3795652,
        "address": "23 Rue d'Astorg",
        "type" : "coffee/restaurant/shop",
        "power": {"available": false},
        "wifi": {"available": false},
        "url": "http://www.fermeattitude.fr"
    },
    {
        "name": "Café Contretemps",
        "openHours": "Monday to Saturday: 9h - 21h",
        "lat": 43.600479,
        "lon": 1.442523,
        "address": "11 rue de la Bourse",
        "type" : "coffee",
        "power": {"available": true},
        "wifi": {"available": true},
        "url": "http://cafecontretemps.com/"
    },
    {
        "name": "Le Café Cerise",
        "openHours": "Tuesday to Friday: 8h30 - 18h00, Saturday, 10h - 18h",
        "lat": 43.600071,
        "lon": 1.440335,
        "address": "4 quai de la Daurade",
        "type" : "coffee",
        "power": {"available": true},
        "wifi": {"available": true},
        "url": "http://www.lecafecerise.fr/"
    },
    {
        "name": "La fabrique",
        "openHours": "7h30 - ?",
        "lat": 43.607378,
        "lon": 1.4399286,
        "address":  "6 Place du Peyrou",
        "type" : "coffee/restaurant",
        "power": {"available": true, "comment": "at least 2"}
    },
    {
        "name": "Brasserie Père Léon",
        "lat": 43.600474,
        "lon": 1.443858999999975,
        "address": "2 Place Esquirol",
        "type" : "brasserie",
        "power": {"available": false},
        "wifi": {"available": false}
    },
    {
        "name": "The George and Dragon",
        "lat": 43.607414,
        "lon": 1.4396000000000413,
        "address": "1 Place du Peyrou",
        "type" : "pub",
        "power": {"available": true}
    },
    {
        "name": "L'impro",
        "lat": 43.602984,
        "lon": 1.4416109999999662,
        "address": "7 Carriera Leon Gambetta",
        "type" : "coffee",
        "power": {"available": false},
        "wifi": {"available": false}
    },
    {
        "name": "Les coudes sur la table",
        "lat": 43.607103,
        "lon": 1.439847,
        "openHours": "Monday to Saturday, 11h30 - 19h00",
        "address": "39, rue des lois",
        "type" : "coffee",
        "power": {"available": true},
        "wifi": {"available": true},
        "url": "http://www.lescoudes-surlatable.fr/"
    },
    {
        "name": "Le Cyrano",
        "lat": 43.6039657,
        "lon": 1.4472385,
        "openHours": "7h30 - ?",
        "address": "rue St Antoine du T.",
        "type" : "coffee",
        "power": {"available": false},
        "wifi": {"available": false}
    },
    {
        "name": "Ombres blanches",
        "lat": 43.603361,
        "lon": 1.442201,
        "openHours": "Monday to Friday, 09h30 - 19h00 and Saturday, 10h - 19h30",
        "address": "48 and 50, rue Gambetta",
        "type" : "coffee and bookshop ",
        "power": {"available": true},
        "wifi": {"available": true},
        "url": "http://www.ombres-blanches.fr/"
    },
    {
        "name": "L'herbe tendre",
        "lat": 43.599589,
        "lon": 1.442543,
        "openHours": "?",
        "address": "45 Rue des Paradoux",
        "type" : "coffee and teamroom",
        "power": {"available": false},
        "wifi": {"available": false}
    },
    {
        "name": "Solaneko",
        "lat": 43.598608,
        "lon": 1.433171,
        "openHours": "Thuesday to Saturday, 11h00 - 19h00",
        "address": "9, rue Réclusane (place de l’Estrapade)",
        "type" : "coffee/restaurant",
        "power": {"available": true, "comment": "at least 2"},
        "wifi": {"available": false},
        "url": "http://www.solaneko.fr/"
    },
    {
        "name": "The Frog & Rosbif",
        "lat": 43.604832,
        "lon": 1.451072,
        "openHours": "17h30 - 2h (semaine) - 13h30 - 3h (samedi) - 13h30 - 2h (dimanche)",
        "address": "14 Rue de l'Industrie",
        "type" : "pub",
        "power": {"available": false},
        "wifi": {"available": true},
        "url": "http://www.frogpubs.com/pub-rosbif-toulouse.php"
    },
    {
        "name": "Mediathèque José Cabanis",
        "lat": 43.610632,
        "lon": 1.455578,
        "address": "1 Allée Jacques Chaban-Delmas",
        "type" : "library",
        "power": {"available": true},
        "wifi": {"available": true},
        "url":  "http://bibliotheque.toulouse.fr"
    },
    {
        "name": "Cirque Des Arts",
        "lat": 43.598077,
        "lon": 1.449283,
        "openHours": "12h00 - 18h00 (mardi - samedi)",
        "address": "5 Rue Nineau",
        "type" : "Espace artistique",
        "power": {"available": true},
        "wifi": {"available": true},
        "url":  "http://cirquedesarts.com"
    },
    {
        "name": "Le Parc",
        "openHours": "Monday - Friday, 7h30 - 21h00",
        "lat": 43.635600,
        "lon": 1.384067,
        "address":  "3 pl Marronniers, 31700 BLAGNAC, phone:05 61 71 61 71",
        "type" : "coffee/restaurant",
        "wifi": {"available": true, "comment":"SFRWifi, FreeWifi, Orange"},
        "power": {"available": true, "comment":"3"}
    },
    {
        "name": "La fiancée",
        "openHours": "Thursday to Friday: 09h30 - 18h30, Saturday: 10h30 - 18h30, Sunday: 11h30 - 18h30",
        "lat": 43.602108,
        "lon": 1.440986,
        "address":  "54 rue Pérolières",
        "type" : "coffee",
        "wifi": {"available": true},
        "power": {"available": false},
        "url":  "https://www.facebook.com/cafelafiancee"
    },
    {
        "name": "Bibliothèque d’Étude et du Patrimoine",
        "openHours": "Friday to Saturday: 10h00 - 19h00",
        "lat": 43.607851,
        "lon": 1.443869,
        "address": "1, Rue du Périgord",
        "type" : "public place",
        "power": {"available": true},
        "wifi": {"available": false},
        "url": "http://www.bibliotheque.toulouse.fr/bep-lieu.html"
    },
    {
        "name": "Théâtre National de Toulouse",
        "openHours": "Friday to Saturday: 13h00 - 19h00",
        "lat": 43.60493,
        "lon": 1.449517,
        "address": "1, Rue Pierre Baudis",
        "type" : "public place",
        "power": {"available": true},
        "wifi": {"available": true},
        "url": "http://www.tnt-cite.com"
    },
    {
        "name": "Bibliothèque Universitaire Jean Jaurès",
        "openHours": "Monday to Friday: 08h30 - 19h00",
        "lat": 43.579538,
        "lon": 1.403954,
        "address": "5, allée Antonio Machado",
        "type" : "public place",
        "power": {"available": true},
        "wifi": {"available": false, "comment": "Ethernet yes"},
        "url": "http://bibliotheques.univ-tlse2.fr/accueil-bibliotheques/"
    },
    {
        "name": "Coffe pot",
        "openHours": "Monday to Friday: 08h00 - 19h00, Saturday: 9h00 - 17h00",
        "lat": 43.6072966,
        "lon": 1.4397796,
        "address": "2 place du peyrou",
        "type" : "coffee",
        "power": {"available": true},
        "wifi": {"available": true},
        "url": "https://www.facebook.com/CoffeePotToulouse"
    },
    {
        "name": "Pomme de Pain",
        "openHours": "Monday to Saturday: 08h30 - 20h00",
        "lat": 43.603250,
        "lon": 1.448835,
        "address": "51, Bis Rue du Rempart Saint Etienne",
        "type" : "coffee",
        "power": {"available": false},
        "wifi": {"available": true},
        "url": "http://pommedepain.fr"
    },
        {
        "name": "Ras la Tasse",
        "openHours": "Monday to Saturday: 09h15 - 19h00, Sunday: 12h00 - 19h00",
        "lat": 43.6018272,
        "lon": 1.4439305,
        "address": "3 rue du Puits-Vert",
        "type" : "coffee",
        "power": {"available": true},
        "wifi": {"available": true},
        "url": "http://www.raslatasse.fr"
    },
    {
        "name": "Sweet Home Café",
        "openHours": "Tuesday - Friday: 08:30 - 19:00, Saturday: 09:00 - 19:00, Sunday: 10:00 - 19:00",
        "lat": 43.602162,
        "lon": 1.441109,
        "address": "54 rue peyroliere",
        "type" : "coffee",
        "power": {"available": true},
        "wifi": {"available": true},
        "url": "https://fr-fr.facebook.com/sweethomecafe31/"
    }
]
